member_casual,total_rides,avg_ride_duration
member,3881311,12.217469818831882
casual,2203330,24.534293092727847